-- 用户
INSERT INTO `qas`.`user` (`user_id`, `username`, `password`,  `phone`, `email`, `introduction`, `published`, `visits`, `likes`, `role`)VALUES (2, 'Mitchell', 'c26be8aaf53b15054896983b43eb6a65', '7787098000111', '123456789@tt.com', '∞1234561', 1, 0, 4, 1);
INSERT INTO `qas`.`user` (`user_id`, `username`, `password`,  `phone`, `email`, `introduction`, `published`, `visits`, `likes`, `role`) VALUES (4, 'alice', 'c26be8aaf53b15054896983b43eb6a65', '未设置', '未设置', '未设置',  0, 0, 5, 0);
INSERT INTO `qas`.`user` (`user_id`, `username`, `password`,  `phone`, `email`, `introduction`, `published`, `visits`, `likes`, `role`) VALUES (5, 'bob', 'c26be8aaf53b15054896983b43eb6a65', '未设置', '未设置', '未设置',  0, 0, 6, 0);
INSERT INTO `qas`.`user` (`user_id`, `username`, `password`,  `phone`, `email`, `introduction`, `published`, `visits`, `likes`, `role`) VALUES (8, 'tim', 'c26be8aaf53b15054896983b43eb6a65','未设置', '未设置', '未设置',  0, 0, 0, 0);
INSERT INTO `qas`.`user` (`user_id`, `username`, `password`,  `phone`, `email`, `introduction`, `published`, `visits`, `likes`, `role`) VALUES (9, 'emma', 'c26be8aaf53b15054896983b43eb6a65','未设置', '未设置', '未设置',  0, 0, 4, 0);
INSERT INTO `qas`.`user` (`user_id`, `username`, `password`,  `phone`, `email`, `introduction`, `published`, `visits`, `likes`, `role`) VALUES (10, 'bot1', 'c26be8aaf53b15054896983b43eb6a65','未设置', '未设置', '未设置',  0, 0, 0, 0);
INSERT INTO `qas`.`user` (`user_id`, `username`, `password`,  `phone`, `email`, `introduction`, `published`, `visits`, `likes`, `role`) VALUES (11, 'bot2', 'c26be8aaf53b15054896983b43eb6a65',  '未设置', '未设置', '未设置',  0, 0, 0, 0);
INSERT INTO `qas`.`user` (`user_id`, `username`, `password`,  `phone`, `email`, `introduction`, `published`, `visits`, `likes`, `role`) VALUES (12, 'bot3', 'c26be8aaf53b15054896983b43eb6a65',  '未设置', '未设置', '未设置',  0, 0, 0, 0);
INSERT INTO `qas`.`user` (`user_id`, `username`, `password`,  `phone`, `email`, `introduction`, `published`, `visits`, `likes`, `role`) VALUES (13, 'bot4', 'c26be8aaf53b15054896983b43eb6a65',  '未设置', '未设置', '未设置',  0, 0, 0, 0);
INSERT INTO `qas`.`user` (`user_id`, `username`, `password`,  `phone`, `email`, `introduction`, `published`, `visits`, `likes`, `role`) VALUES (14, 'bot5', 'c26be8aaf53b15054896983b43eb6a65',  '未设置', '未设置', '未设置',  0, 0, 0, 0);
INSERT INTO `qas`.`user` (`user_id`, `username`, `password`,  `phone`, `email`, `introduction`, `published`, `visits`, `likes`, `role`) VALUES (15, 'bot6', 'c26be8aaf53b15054896983b43eb6a65',  '未设置', '未设置', '未设置',  0, 0, 0, 0);
INSERT INTO `qas`.`user` (`user_id`, `username`, `password`,  `phone`, `email`, `introduction`, `published`, `visits`, `likes`, `role`) VALUES (16, 'bot7', 'c26be8aaf53b15054896983b43eb6a65',  '未设置', '未设置', '未设置',  0, 0, 0, 0);
INSERT INTO `qas`.`user` (`user_id`, `username`, `password`,  `phone`, `email`, `introduction`, `published`, `visits`, `likes`, `role`) VALUES (17, 'bot8', 'c26be8aaf53b15054896983b43eb6a65',  '未设置', '未设置', '未设置',  0, 0, 0, 0);
INSERT INTO `qas`.`user` (`user_id`, `username`, `password`,  `phone`, `email`, `introduction`, `published`, `visits`, `likes`, `role`) VALUES (18, 'bot9', 'c26be8aaf53b15054896983b43eb6a65',  '未设置', '未设置', '未设置',  0, 0, 0, 0);
INSERT INTO `qas`.`user` (`user_id`, `username`, `password`,  `phone`, `email`, `introduction`, `published`, `visits`, `likes`, `role`) VALUES (19, 'bot10', 'c26be8aaf53b15054896983b43eb6a65',  '未设置', '未设置', '未设置',  0, 0, 0, 0);
INSERT INTO `qas`.`user` (`user_id`, `username`, `password`,  `phone`, `email`, `introduction`, `published`, `visits`, `likes`, `role`) VALUES (20, 'bot11', 'c26be8aaf53b15054896983b43eb6a65',  '未设置', '未设置', '未设置',  0, 0, 0, 0);
INSERT INTO `qas`.`user` (`user_id`, `username`, `password`,  `phone`, `email`, `introduction`, `published`, `visits`, `likes`, `role`) VALUES (21, 'bot12', 'c26be8aaf53b15054896983b43eb6a65',  '未设置', '未设置', '未设置',  0, 0, 0, 0);
INSERT INTO `qas`.`user` (`user_id`, `username`, `password`,  `phone`, `email`, `introduction`, `published`, `visits`, `likes`, `role`) VALUES (22, 'bot13', 'c26be8aaf53b15054896983b43eb6a65',  '未设置', '未设置', '未设置',  0, 0, 0, 0);
INSERT INTO `qas`.`user` (`user_id`, `username`, `password`,  `phone`, `email`, `introduction`, `published`, `visits`, `likes`, `role`) VALUES (23, 'bot14', 'c26be8aaf53b15054896983b43eb6a65',  '未设置', '未设置', '未设置',  0, 0, 0, 0);
INSERT INTO `qas`.`user` (`user_id`, `username`, `password`,  `phone`, `email`, `introduction`, `published`, `visits`, `likes`, `role`) VALUES (24, 'bot15', 'c26be8aaf53b15054896983b43eb6a65',  '未设置', '未设置', '未设置',  0, 0, 0, 0);
INSERT INTO `qas`.`user` (`user_id`, `username`, `password`,  `phone`, `email`, `introduction`, `published`, `visits`, `likes`, `role`) VALUES (25, 'bot16', 'c26be8aaf53b15054896983b43eb6a65',  '未设置', '未设置', '未设置',  0, 0, 0, 0);
INSERT INTO `qas`.`user` (`user_id`, `username`, `password`,  `phone`, `email`, `introduction`, `published`, `visits`, `likes`, `role`) VALUES (26, 'bot17', 'c26be8aaf53b15054896983b43eb6a65',  '未设置', '未设置', '未设置',  0, 0, 0, 0);
INSERT INTO `qas`.`user` (`user_id`, `username`, `password`,  `phone`, `email`, `introduction`, `published`, `visits`, `likes`, `role`) VALUES (27, 'bot18', 'c26be8aaf53b15054896983b43eb6a65',  '未设置', '未设置', '未设置',  0, 0, 0, 0);
INSERT INTO `qas`.`user` (`user_id`, `username`, `password`,  `phone`, `email`, `introduction`, `published`, `visits`, `likes`, `role`) VALUES (28, 'bot19', 'c26be8aaf53b15054896983b43eb6a65',  '未设置', '未设置', '未设置',  0, 0, 0, 0);
INSERT INTO `qas`.`user` (`user_id`, `username`, `password`,  `phone`, `email`, `introduction`, `published`, `visits`, `likes`, `role`) VALUES (29, 'bot20', 'c26be8aaf53b15054896983b43eb6a65',  '未设置', '未设置', '未设置',  0, 0, 0, 0);
INSERT INTO `qas`.`user` (`user_id`, `username`, `password`,  `phone`, `email`, `introduction`, `published`, `visits`, `likes`, `role`) VALUES (30, 'bot21', 'c26be8aaf53b15054896983b43eb6a65',  '未设置', '未设置', '未设置',  0, 0, 0, 0);
INSERT INTO `qas`.`user` (`user_id`, `username`, `password`,  `phone`, `email`, `introduction`, `published`, `visits`, `likes`, `role`) VALUES (31, 'bot22', 'c26be8aaf53b15054896983b43eb6a65',  '未设置', '未设置', '未设置',  0, 0, 0, 0);
INSERT INTO `qas`.`user` (`user_id`, `username`, `password`,  `phone`, `email`, `introduction`, `published`, `visits`, `likes`, `role`) VALUES (32, 'bot23', 'c26be8aaf53b15054896983b43eb6a65',  '未设置', '未设置', '未设置',  0, 0, 0, 0);
INSERT INTO `qas`.`user` (`user_id`, `username`, `password`,  `phone`, `email`, `introduction`, `published`, `visits`, `likes`, `role`) VALUES (33, 'bot24', 'c26be8aaf53b15054896983b43eb6a65',  '未设置', '未设置', '未设置',  0, 0, 0, 0);


-- 帖子
INSERT INTO `qas`.`post` (`post_id`, `title`, `content`, `user_id`, `views`, `likes`, `create_time`, `update_time`, `floors`, `total_floors`) VALUES (94629558025184, '34534635', 0x2461736166616661656624, 4, 2, 1, '2022-07-22 17:21:26', '2022-07-22 17:21:26', 0, 0);
INSERT INTO `qas`.`post` (`post_id`, `title`, `content`, `user_id`, `views`, `likes`, `create_time`, `update_time`, `floors`, `total_floors`) VALUES (94629563563744,  '4dgsg34t3w4', 0x232320337477347472347774, 4, 3, 1, '2022-07-22 17:21:47', '2022-07-22 17:21:47', 0, 0);
INSERT INTO `qas`.`post` (`post_id`, `title`, `content`, `user_id`, `views`, `likes`, `create_time`, `update_time`, `floors`, `total_floors`) VALUES (94629565408224,  'htrhwh', 0x7774726877687477, 4, 2, 1, '2022-07-22 17:21:55', '2022-07-22 17:21:55', 0, 0);
INSERT INTO `qas`.`post` (`post_id`, `title`, `content`, `user_id`, `views`, `likes`, `create_time`, `update_time`, `floors`, `total_floors`) VALUES (94629569244128,  'geshsehtw', 0x7765776568797735, 4, 18, 2, '2022-07-22 17:22:10', '2022-07-22 17:22:10', 0, 0);
INSERT INTO `qas`.`post` (`post_id`, `title`, `content`, `user_id`, `views`, `likes`, `create_time`, `update_time`, `floors`, `total_floors`) VALUES (94629572887520,  'rgw5t5wgt5rw', 0x6561727967616579333574, 4, 0, 0, '2022-07-22 17:22:24', '2022-07-22 17:22:24', 0, 0);
INSERT INTO `qas`.`post` (`post_id`, `title`, `content`, `user_id`, `views`, `likes`, `create_time`, `update_time`, `floors`, `total_floors`) VALUES (94629578269920,  'y64u57565u4', 0x7536347534753634357536, 5, 4, 2, '2022-07-22 17:22:45', '2022-07-22 17:22:45', 0, 0);
INSERT INTO `qas`.`post` (`post_id`, `title`, `content`, `user_id`, `views`, `likes`, `create_time`, `update_time`, `floors`, `total_floors`) VALUES (94629580476128,  'u45ueyjt', 0x6A6574796A64796A74656A79, 5, 18, 2, '2022-07-22 17:22:53', '2022-07-23 16:35:23', 1, 1);
INSERT INTO `qas`.`post` (`post_id`, `title`, `content`, `user_id`, `views`, `likes`, `create_time`, `update_time`, `floors`, `total_floors`) VALUES (94629582646496,  'jtyjre57ue65', 0x756535367565753665, 5, 9, 1, '2022-07-22 17:23:02', '2022-07-23 16:35:36', 1, 1);
INSERT INTO `qas`.`post` (`post_id`, `title`, `content`, `user_id`, `views`, `likes`, `create_time`, `update_time`, `floors`, `total_floors`) VALUES (94629585640672,  'ue6ue6ue56ue5', 0x617765726174356574, 5, 2, 1, '2022-07-22 17:23:14', '2022-07-22 17:23:14', 0, 0);
INSERT INTO `qas`.`post` (`post_id`, `title`, `content`, `user_id`, `views`, `likes`, `create_time`, `update_time`, `floors`, `total_floors`) VALUES (94629588067296,  'w456w45y4wy', 0x7734357977347977343679, 5, 2, 1, '2022-07-22 17:23:23', '2022-07-22 17:23:23', 0, 0);
INSERT INTO `qas`.`post` (`post_id`, `title`, `content`, `user_id`, `views`, `likes`, `create_time`, `update_time`, `floors`, `total_floors`) VALUES (94629592677856,  '45y444444444444', 0x347974726872, 9, 30, 1, '2022-07-22 17:23:41', '2022-07-23 17:49:31', 2, 2);
INSERT INTO `qas`.`post` (`post_id`, `title`, `content`, `user_id`, `views`, `likes`, `create_time`, `update_time`, `floors`, `total_floors`) VALUES (94629598869984,  'jgdje65ue6uej', 0x646A6467686A64686E646E642020206A660A24736766736772646724, 9, 2, 1, '2022-07-22 17:24:05', '2022-07-22 17:24:05', 0, 0);
INSERT INTO `qas`.`post` (`post_id`, `title`, `content`, `user_id`, `views`, `likes`, `create_time`, `update_time`, `floors`, `total_floors`) VALUES (94629602943968,  'hsrht5etwe5g', 0x73657468353477343567, 9, 11, 1, '2022-07-22 17:24:21', '2022-07-23 16:35:11', 1, 1);
INSERT INTO `qas`.`post` (`post_id`, `title`, `content`, `user_id`, `views`, `likes`, `create_time`, `update_time`, `floors`, `total_floors`) VALUES (94629605520352,  'hw5yhw45hwse', 0x777265677365676873646768, 9, 2, 1, '2022-07-22 17:24:31', '2022-07-22 17:24:31', 0, 0);
INSERT INTO `qas`.`post` (`post_id`, `title`, `content`, `user_id`, `views`, `likes`, `create_time`, `update_time`, `floors`, `total_floors`) VALUES (94634316152544,  '564564653', 0x36333632343632333534, 2, 4, 2, '2022-07-22 22:31:12', '2022-07-22 22:31:12', 0, 0);
INSERT INTO `qas`.`post` (`post_id`, `title`, `content`, `user_id`, `views`, `likes`, `create_time`, `update_time`, `floors`, `total_floors`) VALUES (94634341664992,  '564564653', 0x36333632343632333534, 2, 4, 2, '2022-07-22 22:32:52', '2022-07-22 22:32:52', 0, 0);


-- 回答楼层
INSERT INTO `qas`.`floor` (`floor_id`, `belong_post_id`, `floor_number`, `user_id`, `likes`, `content`, `create_time`, `comments`, `total_comments`) VALUES (94650966305744, 94629602943968, 1, 12, 0, '1548964', '2022-07-23 16:35:12', 0, 0);
INSERT INTO `qas`.`floor` (`floor_id`, `belong_post_id`, `floor_number`, `user_id`, `likes`, `content`, `create_time`, `comments`, `total_comments`) VALUES (94650969317584, 94629580476128, 1, 12, 0, 'tfiuyg', '2022-07-23 16:35:24', 0, 0);
INSERT INTO `qas`.`floor` (`floor_id`, `belong_post_id`, `floor_number`, `user_id`, `likes`, `content`, `create_time`, `comments`, `total_comments`) VALUES (94650972545232, 94629582646496, 1, 12, 0, 'uofgh', '2022-07-23 16:35:36', 0, 0);
INSERT INTO `qas`.`floor` (`floor_id`, `belong_post_id`, `floor_number`, `user_id`, `likes`, `content`, `create_time`, `comments`, `total_comments`) VALUES (94652107176896, 94629592677856, 1, 13, 1, '6973593', '2022-07-23 17:49:28', 1, 1);
INSERT INTO `qas`.`floor` (`floor_id`, `belong_post_id`, `floor_number`, `user_id`, `likes`, `content`, `create_time`, `comments`, `total_comments`) VALUES (94652107875776, 94629592677856, 2, 13, 1, '7867687', '2022-07-23 17:49:31', 0, 0);


-- 评论
INSERT INTO `qas`.`comment` (`comment_id`, `belong_floor_id`, `comment_number`, `user_id`, `likes`, `content`, `create_time`) VALUES (94652108740288, 94652107176896, 1, 13, 0, '@bot4: 7867687', '2022-07-23 17:49:34');